REGION	POS	REF	ALT	REF_DP	REF_RV	REF_QUAL	ALT_DP	ALT_RV	ALT_QUAL	ALT_FREQ	TOTAL_DP	PVAL	PASS	GFF_FEATURE	REF_CODON	REF_AA	ALT_CODON	ALT_AA	POS_AA
NC_045512.2	79	A	T	6	1	40	1	0	40	0.142857	7	0.538462	FALSE	NA	NA	NA	NA	NA	NA
NC_045512.2	596	G	T	0	0	0	1	1	40	1	1	1	FALSE	NA	NA	NA	NA	NA	NA
NC_045512.2	670	T	G	0	0	0	16	6	39	1	16	3.32734e-09	TRUE	NA	NA	NA	NA	NA	NA
NC_045512.2	685	A	-AAGTCATTT	15	6	38	1	0	20	0.0666667	15	0.533333	FALSE	NA	NA	NA	NA	NA	NA
NC_045512.2	689	T	C	14	5	38	1	0	40	0.0666667	15	0.5	FALSE	NA	NA	NA	NA	NA	NA
NC_045512.2	897	C	A	0	0	0	7	6	37	1	7	0.000582751	TRUE	NA	NA	NA	NA	NA	NA
NC_045512.2	984	G	A	16	12	40	1	0	40	0.0588235	17	0.515152	FALSE	NA	NA	NA	NA	NA	NA
NC_045512.2	1598	G	T	2	0	40	1	0	40	0.333333	3	0.6	FALSE	NA	NA	NA	NA	NA	NA
NC_045512.2	1684	C	-G	2	0	40	1	0	20	0.5	2	0.75	FALSE	NA	NA	NA	NA	NA	NA
NC_045512.2	1946	G	+T	14	5	40	1	0	20	0.0714286	14	0.535714	FALSE	NA	NA	NA	NA	NA	NA
NC_045512.2	2164	G	A	14	14	40	1	1	24	0.0666667	15	0.517241	FALSE	NA	NA	NA	NA	NA	NA
NC_045512.2	2511	C	-AG	7	7	40	1	0	20	0.142857	7	0.571429	FALSE	NA	NA	NA	NA	NA	NA
NC_045512.2	2964	G	T	4	2	40	1	0	40	0.2	5	0.555556	FALSE	NA	NA	NA	NA	NA	NA
NC_045512.2	3565	T	C	0	0	0	22	3	40	1	22	9.50526e-13	TRUE	NA	NA	NA	NA	NA	NA
NC_045512.2	3683	C	A	2	0	32	1	0	40	0.333333	3	0.6	FALSE	NA	NA	NA	NA	NA	NA
NC_045512.2	3768	C	T	13	9	40	1	0	40	0.0714286	14	0.518519	FALSE	NA	NA	NA	NA	NA	NA
NC_045512.2	4112	G	T	10	6	40	1	0	40	0.0909091	11	0.52381	FALSE	NA	NA	NA	NA	NA	NA
NC_045512.2	4184	G	A	0	0	0	3	0	40	1	3	0.1	FALSE	NA	NA	NA	NA	NA	NA
NC_045512.2	4321	C	T	0	0	0	4	4	40	1	4	0.0285714	FALSE	NA	NA	NA	NA	NA	NA
NC_045512.2	4376	G	T	19	18	40	3	3	40	0.136364	22	0.124787	FALSE	NA	NA	NA	NA	NA	NA
NC_045512.2	4454	G	C	21	19	39	2	2	40	0.0869565	23	0.255556	FALSE	NA	NA	NA	NA	NA	NA
NC_045512.2	5396	T	-G	23	6	40	2	0	20	0.0869565	23	0.277521	FALSE	NA	NA	NA	NA	NA	NA
NC_045512.2	5450	A	G	16	2	40	1	0	40	0.0588235	17	0.515152	FALSE	NA	NA	NA	NA	NA	NA
NC_045512.2	5628	C	T	17	11	40	1	0	40	0.0555556	18	0.514286	FALSE	NA	NA	NA	NA	NA	NA
NC_045512.2	5646	C	-A	19	11	38	1	0	20	0.0526316	19	0.526316	FALSE	NA	NA	NA	NA	NA	NA
NC_045512.2	5903	G	-TTAC	1	1	40	1	0	20	1	1	1	FALSE	NA	NA	NA	NA	NA	NA
NC_045512.2	5979	C	T	30	8	40	1	0	40	0.0322581	31	0.508197	FALSE	NA	NA	NA	NA	NA	NA
NC_045512.2	6011	C	T	28	7	40	1	0	40	0.0344828	29	0.508772	FALSE	NA	NA	NA	NA	NA	NA
NC_045512.2	6012	C	T	27	7	39	1	0	40	0.0357143	28	0.509091	FALSE	NA	NA	NA	NA	NA	NA
NC_045512.2	6159	G	T	11	10	29	1	1	24	0.0833333	12	0.521739	FALSE	NA	NA	NA	NA	NA	NA
NC_045512.2	6183	A	G	0	0	0	23	18	40	1	23	2.42912e-13	TRUE	NA	NA	NA	NA	NA	NA
NC_045512.2	6309	G	T	10	2	40	1	1	40	0.0909091	11	0.52381	FALSE	NA	NA	NA	NA	NA	NA
NC_045512.2	6378	A	G	2	0	40	2	2	40	0.5	4	0.285714	FALSE	NA	NA	NA	NA	NA	NA
NC_045512.2	6936	C	T	58	11	39	3	0	40	0.0491803	61	0.124974	FALSE	NA	NA	NA	NA	NA	NA
NC_045512.2	7113	C	T	17	14	40	12	10	40	0.413793	29	7.33734e-05	TRUE	NA	NA	NA	NA	NA	NA
NC_045512.2	7180	A	G	34	24	40	1	1	24	0.0285714	35	0.507246	FALSE	NA	NA	NA	NA	NA	NA
NC_045512.2	7842	A	G	0	0	0	7	0	40	1	7	0.000582751	TRUE	NA	NA	NA	NA	NA	NA
NC_045512.2	7860	C	-T	7	0	40	1	0	20	0.142857	7	0.571429	FALSE	NA	NA	NA	NA	NA	NA
NC_045512.2	8100	T	C	8	7	36	1	0	40	0.111111	9	0.529412	FALSE	NA	NA	NA	NA	NA	NA
NC_045512.2	8326	C	T	10	8	40	2	1	40	0.166667	12	0.26087	FALSE	NA	NA	NA	NA	NA	NA
NC_045512.2	8338	T	C	25	20	40	1	1	40	0.0384615	26	0.509804	FALSE	NA	NA	NA	NA	NA	NA
NC_045512.2	8339	A	T	27	22	39	2	2	40	0.0689655	29	0.254386	FALSE	NA	NA	NA	NA	NA	NA
NC_045512.2	8346	G	-T	32	26	38	3	0	20	0.09375	32	0.143029	FALSE	NA	NA	NA	NA	NA	NA
NC_045512.2	8349	G	C	29	24	40	3	2	40	0.09375	32	0.124902	FALSE	NA	NA	NA	NA	NA	NA
NC_045512.2	8393	G	A	0	0	0	43	35	40	1	43	3.01316e-25	TRUE	NA	NA	NA	NA	NA	NA
NC_045512.2	9303	C	-T	7	7	40	1	0	20	0.142857	7	0.571429	FALSE	NA	NA	NA	NA	NA	NA
NC_045512.2	9344	C	T	0	0	0	27	14	40	1	27	1.02725e-15	TRUE	NA	NA	NA	NA	NA	NA
NC_045512.2	9424	A	G	0	0	0	13	2	40	1	13	1.92297e-07	TRUE	NA	NA	NA	NA	NA	NA
NC_045512.2	9534	C	T	0	0	0	3	3	40	1	3	0.1	FALSE	NA	NA	NA	NA	NA	NA
NC_045512.2	9583	T	-G	7	5	40	2	0	20	0.285714	7	0.342857	FALSE	NA	NA	NA	NA	NA	NA
NC_045512.2	10029	C	T	0	0	0	3	0	40	1	3	0.1	FALSE	NA	NA	NA	NA	NA	NA
NC_045512.2	10198	C	T	0	0	0	3	3	40	1	3	0.1	FALSE	NA	NA	NA	NA	NA	NA
NC_045512.2	10260	A	-G	23	7	40	1	0	20	0.0434783	23	0.521739	FALSE	NA	NA	NA	NA	NA	NA
NC_045512.2	10262	G	C	22	6	40	1	1	40	0.0434783	23	0.511111	FALSE	NA	NA	NA	NA	NA	NA
NC_045512.2	10447	G	A	0	0	0	13	12	40	1	13	1.92297e-07	TRUE	NA	NA	NA	NA	NA	NA
NC_045512.2	10449	C	A	0	0	0	13	12	40	1	13	1.92297e-07	TRUE	NA	NA	NA	NA	NA	NA
NC_045512.2	10511	G	C	27	21	40	3	3	40	0.1	30	0.124888	FALSE	NA	NA	NA	NA	NA	NA
NC_045512.2	10527	C	+TT	31	25	40	2	0	20	0.0645161	31	0.270353	FALSE	NA	NA	NA	NA	NA	NA
NC_045512.2	10771	T	C	5	3	40	1	0	40	0.166667	6	0.545455	FALSE	NA	NA	NA	NA	NA	NA
NC_045512.2	10825	T	-G	8	4	40	2	0	20	0.25	8	0.330882	FALSE	NA	NA	NA	NA	NA	NA
NC_045512.2	10907	G	A	11	4	40	1	0	40	0.0833333	12	0.521739	FALSE	NA	NA	NA	NA	NA	NA
NC_045512.2	11074	C	-T	23	20	39	2	0	20	0.0869565	23	0.277521	FALSE	NA	NA	NA	NA	NA	NA
NC_045512.2	11095	C	+T	26	21	40	1	0	20	0.0384615	26	0.519231	FALSE	NA	NA	NA	NA	NA	NA
NC_045512.2	11133	C	+T	32	25	40	1	0	20	0.03125	32	0.515625	FALSE	NA	NA	NA	NA	NA	NA
NC_045512.2	11178	T	-G	34	25	40	1	0	20	0.0294118	34	0.514706	FALSE	NA	NA	NA	NA	NA	NA
NC_045512.2	11278	T	C	12	3	38	1	1	40	0.0769231	13	0.52	FALSE	NA	NA	NA	NA	NA	NA
NC_045512.2	11287	G	-TCTGGTTTT	10	3	40	8	0	20	0.8	10	0.0197101	FALSE	NA	NA	NA	NA	NA	NA
NC_045512.2	12144	C	G	12	3	40	1	0	40	0.0769231	13	0.52	FALSE	NA	NA	NA	NA	NA	NA
NC_045512.2	12151	A	-G	13	3	40	1	0	20	0.0769231	13	0.538462	FALSE	NA	NA	NA	NA	NA	NA
NC_045512.2	12171	C	G	11	2	38	1	0	40	0.0833333	12	0.521739	FALSE	NA	NA	NA	NA	NA	NA
NC_045512.2	12268	G	T	7	0	40	1	0	40	0.125	8	0.533333	FALSE	NA	NA	NA	NA	NA	NA
NC_045512.2	12279	C	G	0	0	0	1	0	40	1	1	1	FALSE	NA	NA	NA	NA	NA	NA
NC_045512.2	12366	T	C	12	11	40	1	1	40	0.0769231	13	0.52	FALSE	NA	NA	NA	NA	NA	NA
NC_045512.2	12789	C	T	0	0	0	8	5	40	1	8	0.0001554	TRUE	NA	NA	NA	NA	NA	NA
NC_045512.2	12815	C	T	0	0	0	2	1	40	1	2	0.333333	FALSE	NA	NA	NA	NA	NA	NA
NC_045512.2	12880	C	T	0	0	0	1	0	40	1	1	1	FALSE	NA	NA	NA	NA	NA	NA
NC_045512.2	13061	G	T	1	1	40	2	2	40	0.666667	3	0.3	FALSE	NA	NA	NA	NA	NA	NA
NC_045512.2	13339	T	C	0	0	0	1	1	40	1	1	1	FALSE	NA	NA	NA	NA	NA	NA
NC_045512.2	13471	G	+T	19	6	40	1	0	20	0.0526316	19	0.526316	FALSE	NA	NA	NA	NA	NA	NA
NC_045512.2	13489	G	T	18	6	40	1	0	40	0.0526316	19	0.513514	FALSE	NA	NA	NA	NA	NA	NA
NC_045512.2	13574	T	C	10	0	40	1	0	40	0.0909091	11	0.52381	FALSE	NA	NA	NA	NA	NA	NA
NC_045512.2	14060	T	G	18	15	38	1	1	24	0.0526316	19	0.513514	FALSE	NA	NA	NA	NA	NA	NA
NC_045512.2	14110	C	+A	35	20	40	2	0	20	0.0571429	35	0.268008	FALSE	NA	NA	NA	NA	NA	NA
NC_045512.2	14213	A	G	11	3	40	1	0	40	0.0833333	12	0.521739	FALSE	NA	NA	NA	NA	NA	NA
NC_045512.2	14322	C	T	5	4	40	2	2	40	0.285714	7	0.269231	FALSE	NA	NA	NA	NA	NA	NA
NC_045512.2	14408	C	T	0	0	0	19	10	40	1	19	5.65847e-11	TRUE	NA	NA	NA	NA	NA	NA
NC_045512.2	14464	G	T	8	3	40	1	0	40	0.111111	9	0.529412	FALSE	NA	NA	NA	NA	NA	NA
NC_045512.2	15714	C	T	0	0	0	13	9	40	1	13	1.92297e-07	TRUE	NA	NA	NA	NA	NA	NA
NC_045512.2	15756	T	A	0	0	0	1	0	40	1	1	1	FALSE	NA	NA	NA	NA	NA	NA
NC_045512.2	15919	G	A	4	4	40	1	0	40	0.2	5	0.555556	FALSE	NA	NA	NA	NA	NA	NA
NC_045512.2	15965	G	+T	7	6	40	1	0	20	0.142857	7	0.571429	FALSE	NA	NA	NA	NA	NA	NA
NC_045512.2	16274	C	T	19	18	40	1	1	24	0.05	20	0.512821	FALSE	NA	NA	NA	NA	NA	NA
NC_045512.2	16680	T	-TATGG	4	3	40	1	0	20	0.25	4	0.625	FALSE	NA	NA	NA	NA	NA	NA
NC_045512.2	16961	C	T	3	2	40	1	1	40	0.25	4	0.571429	FALSE	NA	NA	NA	NA	NA	NA
NC_045512.2	17449	T	C	1	0	40	1	1	40	0.5	2	0.666667	FALSE	NA	NA	NA	NA	NA	NA
NC_045512.2	17522	T	C	21	4	40	1	0	40	0.0454545	22	0.511628	FALSE	NA	NA	NA	NA	NA	NA
NC_045512.2	17755	A	-G	58	47	40	2	0	20	0.0344828	58	0.260831	FALSE	NA	NA	NA	NA	NA	NA
NC_045512.2	18131	C	T	6	5	40	7	4	40	0.538462	13	0.00356979	TRUE	NA	NA	NA	NA	NA	NA
NC_045512.2	18163	A	G	0	0	0	15	9	40	1	15	1.28935e-08	TRUE	NA	NA	NA	NA	NA	NA
NC_045512.2	18492	A	G	0	0	0	31	7	39	1	31	4.29712e-18	TRUE	NA	NA	NA	NA	NA	NA
NC_045512.2	18548	T	C	27	5	40	1	0	40	0.0357143	28	0.509091	FALSE	NA	NA	NA	NA	NA	NA
NC_045512.2	18619	T	C	22	2	40	1	0	40	0.0434783	23	0.511111	FALSE	NA	NA	NA	NA	NA	NA
NC_045512.2	18737	T	C	29	26	40	1	1	40	0.0333333	30	0.508475	FALSE	NA	NA	NA	NA	NA	NA
NC_045512.2	18782	G	-T	35	30	40	1	0	20	0.0285714	35	0.514286	FALSE	NA	NA	NA	NA	NA	NA
NC_045512.2	19151	C	T	10	0	40	1	1	40	0.0909091	11	0.52381	FALSE	NA	NA	NA	NA	NA	NA
NC_045512.2	19200	C	+A	11	1	40	1	0	20	0.0909091	11	0.545455	FALSE	NA	NA	NA	NA	NA	NA
NC_045512.2	19568	T	C	9	1	40	1	0	40	0.1	10	0.526316	FALSE	NA	NA	NA	NA	NA	NA
NC_045512.2	20055	A	T	0	0	0	1	0	40	0.125	8	0.125	FALSE	NA	NA	NA	NA	NA	NA
NC_045512.2	20055	A	G	0	0	0	7	3	40	0.875	8	0.000291375	TRUE	NA	NA	NA	NA	NA	NA
NC_045512.2	20068	G	T	7	3	40	1	0	40	0.125	8	0.533333	FALSE	NA	NA	NA	NA	NA	NA
NC_045512.2	20725	G	-A	13	4	40	1	0	20	0.0769231	13	0.538462	FALSE	NA	NA	NA	NA	NA	NA
NC_045512.2	20729	A	G	11	3	40	2	1	40	0.153846	13	0.26	FALSE	NA	NA	NA	NA	NA	NA
NC_045512.2	21030	G	T	29	1	40	1	0	40	0.0333333	30	0.508475	FALSE	NA	NA	NA	NA	NA	NA
NC_045512.2	21045	T	-G	30	1	40	1	0	20	0.0333333	30	0.516667	FALSE	NA	NA	NA	NA	NA	NA
NC_045512.2	21101	G	+T	29	1	40	2	0	20	0.0689655	29	0.271771	FALSE	NA	NA	NA	NA	NA	NA
NC_045512.2	21306	C	-G	20	17	39	1	0	20	0.05	20	0.525	FALSE	NA	NA	NA	NA	NA	NA
NC_045512.2	21362	A	T	24	16	40	1	1	40	0.04	25	0.510204	FALSE	NA	NA	NA	NA	NA	NA
NC_045512.2	21608	G	+TCATGCCGCTGT	2	1	32	2	0	20	1	2	0.6	FALSE	NA	NA	NA	NA	NA	NA
NC_045512.2	21618	C	T	0	0	0	2	1	40	1	2	0.333333	FALSE	NA	NA	NA	NA	NA	NA
NC_045512.2	21622	C	T	0	0	0	2	1	40	1	2	0.333333	FALSE	NA	NA	NA	NA	NA	NA
NC_045512.2	21624	G	C	0	0	0	2	1	40	1	2	0.333333	FALSE	NA	NA	NA	NA	NA	NA
NC_045512.2	21632	T	-TACCCCCTG	2	1	40	2	0	20	1	2	0.6	FALSE	NA	NA	NA	NA	NA	NA
NC_045512.2	21651	A	-TTC	2	1	40	2	0	20	1	2	0.6	FALSE	NA	NA	NA	NA	NA	NA
NC_045512.2	21941	G	T	0	0	0	5	1	40	1	5	0.00793651	TRUE	NA	NA	NA	NA	NA	NA
NC_045512.2	21987	G	A	0	0	0	5	1	36	1	5	0.00793651	TRUE	NA	NA	NA	NA	NA	NA
NC_045512.2	21990	T	-TTA	5	1	40	5	0	20	1	5	0.125874	FALSE	NA	NA	NA	NA	NA	NA
NC_045512.2	22000	C	A	2	0	40	2	1	40	0.5	4	0.285714	FALSE	NA	NA	NA	NA	NA	NA
NC_045512.2	22111	G	T	1	1	40	2	2	40	0.666667	3	0.3	FALSE	NA	NA	NA	NA	NA	NA
NC_045512.2	22193	A	-ATT	9	4	38	9	0	20	1	9	0.0155606	FALSE	NA	NA	NA	NA	NA	NA
NC_045512.2	22200	T	G	0	0	0	9	4	40	1	9	4.11353e-05	TRUE	NA	NA	NA	NA	NA	NA
NC_045512.2	22208	C	T	0	0	0	9	4	40	1	9	4.11353e-05	TRUE	NA	NA	NA	NA	NA	NA
NC_045512.2	22295	C	A	0	0	0	5	1	40	1	5	0.00793651	TRUE	NA	NA	NA	NA	NA	NA
NC_045512.2	22770	G	A	0	0	0	1	1	40	1	1	1	FALSE	NA	NA	NA	NA	NA	NA
NC_045512.2	22775	G	A	0	0	0	13	3	40	1	13	1.92297e-07	TRUE	NA	NA	NA	NA	NA	NA
NC_045512.2	22786	A	C	0	0	0	13	3	40	1	13	1.92297e-07	TRUE	NA	NA	NA	NA	NA	NA
NC_045512.2	22813	G	T	0	0	0	13	3	40	1	13	1.92297e-07	TRUE	NA	NA	NA	NA	NA	NA
NC_045512.2	22882	T	G	0	0	0	12	2	40	1	12	7.39602e-07	TRUE	NA	NA	NA	NA	NA	NA
NC_045512.2	22895	G	C	0	0	0	9	2	40	1	9	4.11353e-05	TRUE	NA	NA	NA	NA	NA	NA
NC_045512.2	22896	T	A	0	0	0	8	1	40	1	8	0.0001554	TRUE	NA	NA	NA	NA	NA	NA
NC_045512.2	22898	G	A	0	0	0	8	1	40	1	8	0.0001554	TRUE	NA	NA	NA	NA	NA	NA
NC_045512.2	22910	A	G	0	0	0	4	1	40	1	4	0.0285714	FALSE	NA	NA	NA	NA	NA	NA
NC_045512.2	22916	C	T	0	0	0	2	1	40	1	2	0.333333	FALSE	NA	NA	NA	NA	NA	NA
NC_045512.2	22917	T	G	0	0	0	2	1	40	1	2	0.333333	FALSE	NA	NA	NA	NA	NA	NA
NC_045512.2	22992	G	A	0	0	0	1	1	40	1	1	1	FALSE	NA	NA	NA	NA	NA	NA
NC_045512.2	22995	C	A	0	0	0	1	1	40	1	1	1	FALSE	NA	NA	NA	NA	NA	NA
NC_045512.2	23005	T	A	0	0	0	1	1	40	1	1	1	FALSE	NA	NA	NA	NA	NA	NA
NC_045512.2	23007	G	-TGT	1	1	40	1	0	20	1	1	1	FALSE	NA	NA	NA	NA	NA	NA
NC_045512.2	23012	G	A	0	0	0	1	1	40	1	1	1	FALSE	NA	NA	NA	NA	NA	NA
NC_045512.2	23018	T	C	0	0	0	1	1	24	1	1	1	FALSE	NA	NA	NA	NA	NA	NA
NC_045512.2	23019	T	C	0	0	0	1	1	40	1	1	1	FALSE	NA	NA	NA	NA	NA	NA
NC_045512.2	23055	A	G	0	0	0	5	4	40	1	5	0.00793651	TRUE	NA	NA	NA	NA	NA	NA
NC_045512.2	23063	A	T	0	0	0	5	4	40	1	5	0.00793651	TRUE	NA	NA	NA	NA	NA	NA
NC_045512.2	23075	T	C	0	0	0	5	4	40	1	5	0.00793651	TRUE	NA	NA	NA	NA	NA	NA
NC_045512.2	23222	G	A	0	0	0	7	1	40	1	7	0.000582751	TRUE	NA	NA	NA	NA	NA	NA
NC_045512.2	23271	C	T	0	0	0	1	1	40	1	1	1	FALSE	NA	NA	NA	NA	NA	NA
NC_045512.2	23403	A	G	0	0	0	3	2	40	1	3	0.1	FALSE	NA	NA	NA	NA	NA	NA
NC_045512.2	23423	C	T	0	0	0	3	2	40	1	3	0.1	FALSE	NA	NA	NA	NA	NA	NA
NC_045512.2	23599	T	G	0	0	0	18	1	40	1	18	2.20382e-10	TRUE	NA	NA	NA	NA	NA	NA
NC_045512.2	23604	C	G	0	0	0	18	1	40	1	18	2.20382e-10	TRUE	NA	NA	NA	NA	NA	NA
NC_045512.2	23625	C	T	14	1	40	4	0	40	0.222222	18	0.0584416	FALSE	NA	NA	NA	NA	NA	NA
NC_045512.2	23834	A	G	9	6	40	2	2	40	0.181818	11	0.261905	FALSE	NA	NA	NA	NA	NA	NA
NC_045512.2	23851	A	G	10	8	40	1	0	40	0.0909091	11	0.52381	FALSE	NA	NA	NA	NA	NA	NA
NC_045512.2	23854	C	A	0	0	0	13	8	40	1	13	1.92297e-07	TRUE	NA	NA	NA	NA	NA	NA
NC_045512.2	23948	G	T	0	0	0	2	0	40	1	2	0.333333	FALSE	NA	NA	NA	NA	NA	NA
NC_045512.2	24424	A	T	0	0	0	5	4	40	1	5	0.00793651	TRUE	NA	NA	NA	NA	NA	NA
NC_045512.2	24469	T	A	0	0	0	8	5	40	1	8	0.0001554	TRUE	NA	NA	NA	NA	NA	NA
NC_045512.2	24814	T	-G	4	3	40	1	0	20	0.25	4	0.625	FALSE	NA	NA	NA	NA	NA	NA
NC_045512.2	25000	C	T	0	0	0	1	1	40	1	1	1	FALSE	NA	NA	NA	NA	NA	NA
NC_045512.2	25420	A	G	34	9	39	1	0	40	0.0285714	35	0.507246	FALSE	NA	NA	NA	NA	NA	NA
NC_045512.2	25422	T	-G	35	9	40	1	0	20	0.0285714	35	0.514286	FALSE	NA	NA	NA	NA	NA	NA
NC_045512.2	25443	A	-G	34	9	40	3	0	20	0.0882353	34	0.141944	FALSE	NA	NA	NA	NA	NA	NA
NC_045512.2	25445	G	A	34	9	38	1	0	40	0.0285714	35	0.507246	FALSE	NA	NA	NA	NA	NA	NA
NC_045512.2	25447	G	+A	35	9	40	3	0	20	0.0857143	35	0.141449	FALSE	NA	NA	NA	NA	NA	NA
NC_045512.2	25452	C	T	32	8	40	3	1	40	0.0857143	35	0.124919	FALSE	NA	NA	NA	NA	NA	NA
NC_045512.2	25499	C	T	28	6	40	1	0	40	0.0344828	29	0.508772	FALSE	NA	NA	NA	NA	NA	NA
NC_045512.2	25513	C	T	27	6	39	1	0	40	0.0357143	28	0.509091	FALSE	NA	NA	NA	NA	NA	NA
NC_045512.2	25521	C	T	19	4	39	7	1	40	0.269231	26	0.00568171	TRUE	NA	NA	NA	NA	NA	NA
NC_045512.2	25609	C	T	7	7	40	3	3	40	0.3	10	0.123839	FALSE	NA	NA	NA	NA	NA	NA
NC_045512.2	25658	C	T	36	26	40	3	2	40	0.0769231	39	0.124935	FALSE	NA	NA	NA	NA	NA	NA
NC_045512.2	25660	G	A	37	26	40	2	2	40	0.0512821	39	0.253247	FALSE	NA	NA	NA	NA	NA	NA
NC_045512.2	25660	G	+T	37	26	40	4	0	20	0.102564	39	0.067401	FALSE	NA	NA	NA	NA	NA	NA
NC_045512.2	25703	C	T	49	30	39	6	6	40	0.109091	55	0.0143157	FALSE	NA	NA	NA	NA	NA	NA
NC_045512.2	26270	C	T	0	0	0	1	1	40	1	1	1	FALSE	NA	NA	NA	NA	NA	NA
NC_045512.2	26425	C	T	16	3	40	1	0	40	0.0588235	17	0.515152	FALSE	NA	NA	NA	NA	NA	NA
NC_045512.2	26610	A	G	0	0	0	5	3	40	1	5	0.00793651	TRUE	NA	NA	NA	NA	NA	NA
NC_045512.2	26625	C	T	49	20	40	1	0	40	0.02	50	0.505051	FALSE	NA	NA	NA	NA	NA	NA
NC_045512.2	26681	C	T	0	0	0	54	21	40	1	54	8.04577e-32	TRUE	NA	NA	NA	NA	NA	NA
NC_045512.2	26709	G	A	0	0	0	45	18	39	1	45	1.92627e-26	TRUE	NA	NA	NA	NA	NA	NA
NC_045512.2	26712	T	-G	45	18	39	1	0	20	0.0222222	45	0.511111	FALSE	NA	NA	NA	NA	NA	NA
NC_045512.2	26858	C	T	0	0	0	20	19	40	1	20	1.45089e-11	TRUE	NA	NA	NA	NA	NA	NA
NC_045512.2	27259	A	C	0	0	0	18	10	40	1	18	2.20382e-10	TRUE	NA	NA	NA	NA	NA	NA
NC_045512.2	27299	T	-A	18	10	40	1	0	20	0.0555556	18	0.527778	FALSE	NA	NA	NA	NA	NA	NA
NC_045512.2	27303	C	A	17	9	40	1	1	40	0.0555556	18	0.514286	FALSE	NA	NA	NA	NA	NA	NA
NC_045512.2	27476	C	T	8	6	40	3	2	40	0.272727	11	0.12406	FALSE	NA	NA	NA	NA	NA	NA
NC_045512.2	27590	C	T	15	3	40	1	0	40	0.0625	16	0.516129	FALSE	NA	NA	NA	NA	NA	NA
NC_045512.2	27807	C	T	0	0	0	25	24	40	1	25	1.58215e-14	TRUE	NA	NA	NA	NA	NA	NA
NC_045512.2	27810	T	C	0	0	0	25	24	38	1	25	1.58215e-14	TRUE	NA	NA	NA	NA	NA	NA
NC_045512.2	28872	G	A	3	0	40	1	0	40	0.25	4	0.571429	FALSE	NA	NA	NA	NA	NA	NA
NC_045512.2	28881	G	A	0	0	0	4	0	40	1	4	0.0285714	FALSE	NA	NA	NA	NA	NA	NA
NC_045512.2	28882	G	A	0	0	0	4	0	40	1	4	0.0285714	FALSE	NA	NA	NA	NA	NA	NA
NC_045512.2	28883	G	C	0	0	0	4	0	40	1	4	0.0285714	FALSE	NA	NA	NA	NA	NA	NA
NC_045512.2	28958	C	A	0	0	0	2	0	40	1	2	0.333333	FALSE	NA	NA	NA	NA	NA	NA
NC_045512.2	29448	T	-G	7	6	40	4	0	20	0.571429	7	0.138655	FALSE	NA	NA	NA	NA	NA	NA
NC_045512.2	29467	A	-GATTTGGATGATT	7	6	40	2	0	20	0.285714	7	0.342857	FALSE	NA	NA	NA	NA	NA	NA
NC_045512.2	29510	A	C	0	0	0	13	6	37	1	13	1.92297e-07	TRUE	NA	NA	NA	NA	NA	NA
NC_045512.2	29514	C	T	8	6	36	1	0	24	0.111111	9	0.529412	FALSE	NA	NA	NA	NA	NA	NA
NC_045512.2	29518	C	T	7	6	35	1	0	24	0.125	8	0.533333	FALSE	NA	NA	NA	NA	NA	NA
NC_045512.2	29705	G	T	4	3	40	3	3	40	0.428571	7	0.122378	FALSE	NA	NA	NA	NA	NA	NA
NC_045512.2	29733	C	-GAGGCCACGCGGAGTACGATCGAGTG	7	6	40	7	0	20	1	7	0.0442724	FALSE	NA	NA	NA	NA	NA	NA
